id,name ,description ,thumbnail ,price,rating,priceDiscount
1,Cortie Ralfe,Ut enim ad minim veniam,thumbnail6.jpg,717728,1,917072
2,Johnette Brissard,Ut enim ad minim veniam,thumbnail4.jpg,453484,2,355082
3,Ardella Mathieu,Sed do eiusmod tempor incididunt,thumbnail2.jpg,172179,3,75367
4,Corbett Patis,Laboris nisi ut aliquip ex ea commodo consequat,thumbnail8.jpg,349661,4,710608
5,Selig Genty,Lorem ipsum dolor sit amet,thumbnail2.jpg,603634,5,
6,Vivienne Kobisch,Voluptate velit esse cillum dolore,thumbnail6.jpg,480441,6,
7,Bertie Whaley,Laboris nisi ut aliquip ex ea commodo consequat,thumbnail6.jpg,751777,7,
8,Cullie Stithe,Lorem ipsum dolor sit amet,thumbnail6.jpg,532193,8,
9,Terrance Espinos,Lorem ipsum dolor sit amet,thumbnail3.jpg,797618,9,
10,Marabel Semechik,Voluptate velit esse cillum dolore,thumbnail7.jpg,274056,10,490481
11,Honoria Anten,Lorem ipsum dolor sit amet,thumbnail5.jpg,795552,11,
12,Matias Skoate,Ut enim ad minim veniam,thumbnail6.jpg,114857,12,327969
13,Ileana Patey,Laboris nisi ut aliquip ex ea commodo consequat,thumbnail3.jpg,29052,13,181799
14,Levon Goodlad,Lorem ipsum dolor sit amet,thumbnail10.jpg,696118,14,46683
15,Lamond Cavey,Ut enim ad minim veniam,thumbnail4.jpg,275011,15,225902
16,Donavon Paunsford,Lorem ipsum dolor sit amet,thumbnail8.jpg,163052,16,972492
17,Bourke Bullimore,Sed do eiusmod tempor incididunt,thumbnail2.jpg,840763,17,
18,Trevar Lelande,Eu fugiat nulla pariatur,thumbnail6.jpg,73951,18,833981
19,Nevil Shovel,Ut enim ad minim veniam,thumbnail3.jpg,944371,19,
20,Marlon Rabb,Consectetur adipiscing elit,thumbnail10.jpg,89528,20,
21,Skelly Dungay,Quis nostrud exercitation ullamco,thumbnail5.jpg,892550,21,
22,Gal Brosi,Sed do eiusmod tempor incididunt,thumbnail10.jpg,305389,22,302754
23,Nedda Opdenort,Ut enim ad minim veniam,thumbnail9.jpg,162321,23,349361
24,Elladine Ronan,Quis nostrud exercitation ullamco,thumbnail7.jpg,614031,24,
25,Stormy Stribbling,Voluptate velit esse cillum dolore,thumbnail3.jpg,301907,25,
26,Jena Cranke,Quis nostrud exercitation ullamco,thumbnail3.jpg,992046,26,648748
27,Timotheus Dineges,Ut labore et dolore magna aliqua,thumbnail2.jpg,5352,27,779587
28,Benedicta Ponton,Ut labore et dolore magna aliqua,thumbnail8.jpg,439188,28,
29,Rosanna Verrick,Duis aute irure dolor in reprehenderit,thumbnail7.jpg,401240,29,
30,Dannel Bennet,Quis nostrud exercitation ullamco,thumbnail2.jpg,87618,30,
31,Giffard Murby,Ut labore et dolore magna aliqua,thumbnail7.jpg,698228,31,
32,Tucky Vickerman,Eu fugiat nulla pariatur,thumbnail7.jpg,346246,32,
33,Kris Gamwell,Eu fugiat nulla pariatur,thumbnail3.jpg,193505,33,818538
34,Thedrick Beckhurst,Lorem ipsum dolor sit amet,thumbnail3.jpg,818247,34,
35,Leonard McGoon,Voluptate velit esse cillum dolore,thumbnail3.jpg,290245,35,843234
36,Melvin Neller,Sed do eiusmod tempor incididunt,thumbnail1.jpg,55049,36,
37,Wilmar Buswell,Eu fugiat nulla pariatur,thumbnail1.jpg,826241,37,169801
38,Idell Swin,Quis nostrud exercitation ullamco,thumbnail2.jpg,654574,38,
39,Maison Ivakhno,Sed do eiusmod tempor incididunt,thumbnail8.jpg,979549,39,
40,Saidee Brealey,Voluptate velit esse cillum dolore,thumbnail6.jpg,606883,40,409337
41,Hildagarde Mate,Consectetur adipiscing elit,thumbnail8.jpg,971651,41,584601
42,Dianna Olivazzi,Ut labore et dolore magna aliqua,thumbnail6.jpg,356721,42,940072
43,Leigh Uwins,Ut enim ad minim veniam,thumbnail10.jpg,275390,43,592791
44,Levon Newark,Ut labore et dolore magna aliqua,thumbnail3.jpg,627363,44,247250
45,Jori Leborgne,Ut labore et dolore magna aliqua,thumbnail10.jpg,406093,45,325939
46,Tony McCloughen,Ut enim ad minim veniam,thumbnail6.jpg,64055,46,61424
47,Bev Duchart,Voluptate velit esse cillum dolore,thumbnail10.jpg,123193,47,
48,Janelle McDugal,Ut enim ad minim veniam,thumbnail4.jpg,691762,48,
49,Dorian Epton,Ut enim ad minim veniam,thumbnail2.jpg,758355,49,
50,Tadio Goble,Quis nostrud exercitation ullamco,thumbnail2.jpg,726261,50,
